{
  "model": "gemma4:26b",
  "total_s": 14.42991674,
  "load_s": 0.153994277,
  "prompt_eval_count": 142,
  "prompt_eval_s": 0.03283971,
  "prompt_tokens_per_s": 4324.033312109029,
  "eval_count": 2143,
  "eval_s": 13.296993823,
  "output_tokens_per_s": 161.16424723708772,
  "done_reason": "stop"
}
